job_position,job_deadline,required_experience,job_link
Assistant Software System Analyst,"May 22, 2020",1 to 3 year(s),https://jobs.bdjobs.com/jobdetails.asp?id=905720&fcatId=8&ln=1
Senior Magento Developer.,"May 24, 2020",At least 5 year(s),https://jobs.bdjobs.com/jobdetails.asp?id=905625&fcatId=8&ln=1
Web Developer/ Programmer,"Jun 15, 2020",At least 4 year(s),https://jobs.bdjobs.com/jobdetails.asp?id=905645&fcatId=8&ln=3
ICT Officer,"May 30, 2020",At least 5 year(s),https://jobs.bdjobs.com/jobdetails.asp?id=905643&fcatId=8&ln=1
Software Engineer,"May 28, 2020",At least 4 year(s),https://jobs.bdjobs.com/jobdetails.asp?id=905614&fcatId=8&ln=3
NOC Engineer,"Jun 14, 2020",2 to 5 year(s),https://jobs.bdjobs.com/jobdetails.asp?id=905611&fcatId=8&ln=1
Front  End Engineer,"May 25, 2020",Na,https://jobs.bdjobs.com/jobdetails.asp?id=905603&fcatId=8&ln=3
Dev Ops Engineer,"May 22, 2020",3 to 6 year(s),https://jobs.bdjobs.com/jobdetails.asp?id=905602&fcatId=8&ln=3
React Native Developer,"Jun 13, 2020",At least 4 year(s),https://jobs.bdjobs.com/jobdetails.asp?id=905590&fcatId=8&ln=3
PHP Developer,"Jun 14, 2020",2 to 4 year(s),https://jobs.bdjobs.com/jobdetails.asp?id=905612&fcatId=8&ln=1
IT Assistant,"May 19, 2020",At least 1 year(s),https://jobs.bdjobs.com/jobdetails.asp?id=905586&fcatId=8&ln=3
Senior Java Developer,"Jun 10, 2020",At least 8 year(s),https://jobs.bdjobs.com/jobdetails.asp?id=905516&fcatId=8&ln=3
Data Artist (Associate - Night Shift),"Jun 12, 2020",Na,https://jobs.bdjobs.com/jobdetails.asp?id=905506&fcatId=8&ln=1
Data Artist (Associate - Night Shift),"Jun 12, 2020",Na,https://jobs.bdjobs.com/jobdetails.asp?id=905504&fcatId=8&ln=1
Senior Software Engineer (.NET),"Jun 11, 2020",At least 5 year(s),https://jobs.bdjobs.com/jobdetails.asp?id=905501&fcatId=8&ln=1
Project Manager,"Jun 11, 2020",At least 8 year(s),https://jobs.bdjobs.com/jobdetails.asp?id=905499&fcatId=8&ln=1
Senior Software Engineer (C++),"Jun 12, 2020",At least 3 year(s),https://jobs.bdjobs.com/jobdetails.asp?id=905475&fcatId=8&ln=1
Trainer (Digital Marketing with Busines Intelligence),"May 20, 2020",3 to 5 year(s),https://jobs.bdjobs.com/jobdetails.asp?id=905218&fcatId=8&ln=3
Trainer (Advanced Web Development with Laravel and Python),"May 20, 2020",3 to 5 year(s),https://jobs.bdjobs.com/jobdetails.asp?id=905214&fcatId=8&ln=3
Senior Content Writer & Social Media Marketer,"Jun 11, 2020",At least 3 year(s),https://jobs.bdjobs.com/jobdetails.asp?id=905414&fcatId=8&ln=1
AI/ ML,"Jun 11, 2020",At least 3 year(s),https://jobs.bdjobs.com/jobdetails.asp?id=905444&fcatId=8&ln=1
Web Backend/ Front End Engineer,"Jun 11, 2020",At least 3 year(s),https://jobs.bdjobs.com/jobdetails.asp?id=905443&fcatId=8&ln=3
"Manager, IT","Jun 11, 2020",8 to 12 year(s),https://jobs.bdjobs.com/jobdetails.asp?id=905348&fcatId=8&ln=1
SEO Expert,"Jun 10, 2020",At least 1 year(s),https://jobs.bdjobs.com/jobdetails.asp?id=905402&fcatId=8&ln=1
"Technical Project Lead (AdTech, Software Development)","May 20, 2020",6 to 10 year(s),https://jobs.bdjobs.com/jobdetails.asp?id=905384&fcatId=8&ln=1
Sr. Executive/ Executive - IT,"Jun 10, 2020",4 to 6 year(s),https://jobs.bdjobs.com/jobdetails.asp?id=905379&fcatId=8&ln=1
Graphics & Web Designer,"May 31, 2020",1 to 3 year(s),https://jobs.bdjobs.com/jobdetails.asp?id=905349&fcatId=8&ln=3
Junior Software Engineer,"May 31, 2020",0 to 1 year(s),https://jobs.bdjobs.com/jobdetails.asp?id=905268&fcatId=8&ln=1
Sr. Android Apps Developer,"May 30, 2020",2 to 4 year(s),https://jobs.bdjobs.com/jobdetails.asp?id=904888&fcatId=8&ln=1
"Executive/ Sr. Executive, IT","May 31, 2020",3 to 5 year(s),https://jobs.bdjobs.com/jobdetails.asp?id=905300&fcatId=8&ln=1
Lead Engineer (iOS Team Leader),"Jun 9, 2020",5 to 9 year(s),https://jobs.bdjobs.com/jobdetails.asp?id=905285&fcatId=8&ln=1
Jr. Software Engineer (Competitive Programmer),"Jun 9, 2020",0 to 2 year(s),https://jobs.bdjobs.com/jobdetails.asp?id=905284&fcatId=8&ln=1
Mobile Apps UI Designer,"Jun 9, 2020",At least 3 year(s),https://jobs.bdjobs.com/jobdetails.asp?id=905278&fcatId=8&ln=1
PHP Developer (Laravel + ReactJS),"Jun 8, 2020",At least 1 year(s),https://jobs.bdjobs.com/jobdetails.asp?id=905251&fcatId=8&ln=1
E-commerce Project Manager (Day/ Night Shift),"Jun 8, 2020",At least 1 year(s),https://jobs.bdjobs.com/jobdetails.asp?id=905239&fcatId=8&ln=1
Graphic Designer,"Jun 7, 2020",At least 1 year(s),https://jobs.bdjobs.com/jobdetails.asp?id=905222&fcatId=8&ln=3
WordPress Developer,"Jun 6, 2020",At least 2 year(s),https://jobs.bdjobs.com/jobdetails.asp?id=905209&fcatId=8&ln=3
Web Developer,"Jun 5, 2020",At most 2 year(s),https://jobs.bdjobs.com/jobdetails.asp?id=905204&fcatId=8&ln=1
অপটিক্যাল ফাইবার কেবল টেকনিসিয়ান,"Jun 5, 2020",Na,https://jobs.bdjobs.com/jobdetails.asp?id=905159&fcatId=8&ln=2
WordPress Support Engineer,"Jun 6, 2020",At least 2 year(s),https://jobs.bdjobs.com/jobdetails.asp?id=905135&fcatId=8&ln=1
Content Creator (Technical),"May 31, 2020",Na,https://jobs.bdjobs.com/jobdetails.asp?id=905133&fcatId=8&ln=3
Technical Support Engineer,"Jun 5, 2020",At most 2 year(s),https://jobs.bdjobs.com/jobdetails.asp?id=905134&fcatId=8&ln=1
SQA engineer,"Jun 5, 2020",At least 2 year(s),https://jobs.bdjobs.com/jobdetails.asp?id=904967&fcatId=8&ln=1
Application Developer,"May 20, 2020",2 to 5 year(s),https://jobs.bdjobs.com/jobdetails.asp?id=905095&fcatId=8&ln=3
PHP Developer/ Programmer,"Jun 3, 2020",1 to 5 year(s),https://jobs.bdjobs.com/jobdetails.asp?id=905056&fcatId=8&ln=3
Frontend Developer (Vue.js),"Jun 1, 2020",3 to 7 year(s),https://jobs.bdjobs.com/jobdetails.asp?id=904965&fcatId=8&ln=1
Digital Marketing Executive,"Jun 1, 2020",At least 2 year(s),https://jobs.bdjobs.com/jobdetails.asp?id=904962&fcatId=8&ln=1
Jr .Net Developer,"Jun 1, 2020",At least 2 year(s),https://jobs.bdjobs.com/jobdetails.asp?id=904961&fcatId=8&ln=1
.Net Senior Full Stack Developer,"Jun 1, 2020",At least 5 year(s),https://jobs.bdjobs.com/jobdetails.asp?id=904960&fcatId=8&ln=3
Front End Developer,"Jun 1, 2020",1 to 2 year(s),https://jobs.bdjobs.com/jobdetails.asp?id=904956&fcatId=8&ln=3
REACT Developer,"May 20, 2020",3 to 4 year(s),https://jobs.bdjobs.com/jobdetails.asp?id=904953&fcatId=8&ln=3
Sr. Software Engineer - Full Stack,"May 30, 2020",At least 5 year(s),https://jobs.bdjobs.com/jobdetails.asp?id=904951&fcatId=8&ln=1
Sr. Full Stack Software Developer,"May 30, 2020",1 to 4 year(s),https://jobs.bdjobs.com/jobdetails.asp?id=904886&fcatId=8&ln=1
Web Developer,"May 28, 2020",1 to 2 year(s),https://jobs.bdjobs.com/jobdetails.asp?id=904855&fcatId=8&ln=1
Full Stack Software Engineer,"May 24, 2020",1 to 3 year(s),https://jobs.bdjobs.com/jobdetails.asp?id=904852&fcatId=8&ln=3
Project Technical Head,"May 24, 2020",At least 8 year(s),https://jobs.bdjobs.com/jobdetails.asp?id=904850&fcatId=8&ln=1
Android Developer,"May 29, 2020",At least 1 year(s),https://jobs.bdjobs.com/jobdetails.asp?id=904763&fcatId=8&ln=1
Machine Learning Intern,"May 29, 2020",Na,https://jobs.bdjobs.com/jobdetails.asp?id=904762&fcatId=8&ln=1
"Innovation Manager, Tech. Management","May 29, 2020",5 to 9 year(s),https://jobs.bdjobs.com/jobdetails.asp?id=904821&fcatId=8&ln=3
Senior Software Engineer (iOS Developer),"May 29, 2020",At least 3 year(s),https://jobs.bdjobs.com/jobdetails.asp?id=904761&fcatId=8&ln=1
Network Administrator,"May 28, 2020",At least 3 year(s),https://jobs.bdjobs.com/jobdetails.asp?id=904813&fcatId=8&ln=3
Sr Python Developer,"May 28, 2020",At least 3 year(s),https://jobs.bdjobs.com/jobdetails.asp?id=904803&fcatId=8&ln=1
HR System Support Manager,"May 28, 2020",5 to 8 year(s),https://jobs.bdjobs.com/jobdetails.asp?id=904793&fcatId=8&ln=3
Senior Software Developer (ReactJS Developer),"May 26, 2020",At least 5 year(s),https://jobs.bdjobs.com/jobdetails.asp?id=904734&fcatId=8&ln=3
Senior Software Engineer (.NET Developer),"May 26, 2020",At least 5 year(s),https://jobs.bdjobs.com/jobdetails.asp?id=904733&fcatId=8&ln=3
"API, Web & Back End Developer","May 26, 2020",4 to 6 year(s),https://jobs.bdjobs.com/jobdetails.asp?id=904725&fcatId=8&ln=3
Executive / Officer (IT),"May 25, 2020",3 to 5 year(s),https://jobs.bdjobs.com/jobdetails.asp?id=904709&fcatId=8&ln=3
"Full-stack JavaScirpt Developer (Node.js, ReactJS & MongoDB)","May 25, 2020",3 to 5 year(s),https://jobs.bdjobs.com/jobdetails.asp?id=904681&fcatId=8&ln=3
Sr. Magento 2 Developer,"May 22, 2020",At least 3 year(s),https://jobs.bdjobs.com/jobdetails.asp?id=904656&fcatId=8&ln=1
Software Engineer (C++),"May 23, 2020",2 to 6 year(s),https://jobs.bdjobs.com/jobdetails.asp?id=904673&fcatId=8&ln=1
IT Associate,"May 23, 2020",Na,https://jobs.bdjobs.com/jobdetails.asp?id=904652&fcatId=8&ln=1
Junior Software Engineer,"May 22, 2020",0 to 1 year(s),https://jobs.bdjobs.com/jobdetails.asp?id=904643&fcatId=8&ln=3
Senior/ Mid Level Java Engineer,"May 22, 2020",2 to 5 year(s),https://jobs.bdjobs.com/jobdetails.asp?id=904642&fcatId=8&ln=3
SQA Engineer,"May 23, 2020",5 to 6 year(s),https://jobs.bdjobs.com/jobdetails.asp?id=904632&fcatId=8&ln=1
Software Engineer,"May 22, 2020",At least 2 year(s),https://jobs.bdjobs.com/jobdetails.asp?id=904573&fcatId=8&ln=1
"Web Developer, PHP/Laravel","May 22, 2020",3 to 5 year(s),https://jobs.bdjobs.com/jobdetails.asp?id=904607&fcatId=8&ln=3
"Web Developer, Node.js/Angular","May 22, 2020",3 to 5 year(s),https://jobs.bdjobs.com/jobdetails.asp?id=904606&fcatId=8&ln=3
Documentum/EMC/OpenText developer,"May 19, 2020",At least 3 year(s),https://jobs.bdjobs.com/jobdetails.asp?id=904570&fcatId=8&ln=1
Senior Programmer/ Team Leader,"May 21, 2020",At least 4 year(s),https://jobs.bdjobs.com/jobdetails.asp?id=904564&fcatId=8&ln=3
Documentum/EMC/Open Text Developer,"May 21, 2020",3 to 7 year(s),https://jobs.bdjobs.com/jobdetails.asp?id=904563&fcatId=8&ln=3
PHP and Joomla Developer / Web Developer,"May 21, 2020",2 to 3 year(s),https://jobs.bdjobs.com/jobdetails.asp?id=904548&fcatId=8&ln=1
PYTHON/ Senior PYTHON Developer,"May 20, 2020",4 to 8 year(s),https://jobs.bdjobs.com/jobdetails.asp?id=904522&fcatId=8&ln=1
Graphic/ Web Designer,"May 19, 2020",2 to 5 year(s),https://jobs.bdjobs.com/jobdetails.asp?id=904511&fcatId=8&ln=1
